snapped_at,price,market_cap,total_volume
2020-08-19 00:00:00 UTC,2.9366649977840584,0.0,82413981.29681122
2020-08-20 00:00:00 UTC,2.9366649977840584,0.0,82413981.29681122
2020-08-21 00:00:00 UTC,2.89879087042457,0.0,49511744.88463916
2020-08-22 00:00:00 UTC,2.8719231582885576,0.0,51233752.827103466
2020-08-23 00:00:00 UTC,4.481388823739925,4028277492.3881054,473920951.2911821
2020-08-24 00:00:00 UTC,3.9660827659100875,3630430965.6868463,335685225.4482104
2020-08-25 00:00:00 UTC,4.576939499077849,4162344881.7015166,395502571.8989607
2020-08-26 00:00:00 UTC,5.49394714760662,4910960800.05402,729611892.217292
2020-08-27 00:00:00 UTC,6.067730199404114,5508438431.636099,853376793.3117362
2020-08-28 00:00:00 UTC,5.6385306333733185,5147685413.841153,995432623.197182
2020-08-29 00:00:00 UTC,6.1623228698425585,5563188700.133332,584978197.1298553
2020-08-30 00:00:00 UTC,6.148507935787226,5580674883.763024,407313299.8601509
2020-08-31 00:00:00 UTC,5.901759394871453,5350103716.769489,366896197.48982257
2020-09-01 00:00:00 UTC,6.29879772167723,5712939724.608923,430398059.7192618
2020-09-02 00:00:00 UTC,6.229619252395945,5693335995.934683,472601408.55368245
2020-09-03 00:00:00 UTC,6.158884269227721,5597505846.232816,485766767.0734896
2020-09-04 00:00:00 UTC,5.683421169603046,5294708814.664548,630783985.0451007
2020-09-05 00:00:00 UTC,5.1340152181772725,4675680671.656081,676657581.6459368
2020-09-06 00:00:00 UTC,4.13019788733723,3750820473.971468,595268790.8541288
2020-09-07 00:00:00 UTC,4.78962789693905,4394131227.7377405,511543436.75403696
2020-09-08 00:00:00 UTC,4.5949309096714614,4190737575.784357,365705934.9831117
2020-09-09 00:00:00 UTC,4.282524684960109,3891004373.7933345,234920666.902606
2020-09-10 00:00:00 UTC,4.703108697943335,4298181268.775718,274399152.6284701
2020-09-11 00:00:00 UTC,4.577765287676936,4177237545.060083,254092704.72602594
2020-09-12 00:00:00 UTC,4.625864199988795,4216287873.46031,212155209.23847777
2020-09-13 00:00:00 UTC,5.139290011153086,4663414090.094169,317307477.3197743
2020-09-14 00:00:00 UTC,5.294815256024742,4819470920.9595585,413410119.80475265
2020-09-15 00:00:00 UTC,5.339198957352251,4874640596.625649,368584203.1748962
2020-09-16 00:00:00 UTC,5.113838698353973,4673343463.456086,301361216.948819
2020-09-17 00:00:00 UTC,5.075261806582743,4634502327.79378,272070780.6235744
2020-09-18 00:00:00 UTC,5.323352024016255,4871310608.622429,299530704.44409996
2020-09-19 00:00:00 UTC,5.242095138770248,4771593286.01857,218845784.12899387
2020-09-20 00:00:00 UTC,4.924359684930011,4511663057.978728,180793689.67015743
2020-09-21 00:00:00 UTC,4.673545848129287,4287331139.3953447,277405320.53644466
2020-09-22 00:00:00 UTC,4.089749652347997,3770969365.206551,376122862.04748017
2020-09-23 00:00:00 UTC,4.168355680932848,3807699809.7726593,207312314.25066918
2020-09-24 00:00:00 UTC,4.0160363563658406,3701917991.0629163,208272484.1319433
2020-09-25 00:00:00 UTC,4.389748821648701,4024415210.879658,212165515.13304597
2020-09-26 00:00:00 UTC,4.41286272780764,4036996777.5289283,176573807.95552978
2020-09-27 00:00:00 UTC,4.340299971503735,3981431937.9363737,124028159.47280042
2020-09-28 00:00:00 UTC,4.306460643533152,3966805487.8693743,123873259.31149642
2020-09-29 00:00:00 UTC,4.420033114111349,4015168631.8723865,192688341.9893024
2020-09-30 00:00:00 UTC,4.491527362227763,4123709369.6045084,200465046.6652287
2020-10-01 00:00:00 UTC,4.347197258520258,3998481295.7904816,131549097.16661954
2020-10-02 00:00:00 UTC,4.338624033430472,3982054342.146103,185800897.37967393
2020-10-03 00:00:00 UTC,4.122609864205513,3786983100.945344,205627933.56633562
2020-10-04 00:00:00 UTC,4.066948359187792,3739978579.4404645,104601491.58937459
2020-10-05 00:00:00 UTC,4.176764230629664,3849818336.1017737,89731299.09326749
2020-10-06 00:00:00 UTC,4.1602369454029935,3833319535.2399874,132019868.42462733
2020-10-07 00:00:00 UTC,3.7488354717069563,3440251736.5558577,210625817.43183962
2020-10-08 00:00:00 UTC,3.852999443688667,3541978347.8554893,216001362.39253852
2020-10-09 00:00:00 UTC,4.101843106713311,3769762007.0828257,214716289.57457
2020-10-10 00:00:00 UTC,4.258895921902619,3921415690.922872,182371173.03073755
2020-10-11 00:00:00 UTC,4.254212996164335,3919459351.7433486,163446062.4110077
2020-10-12 00:00:00 UTC,4.250188243961778,3916199449.3647904,124735788.70912461
2020-10-13 00:00:00 UTC,4.316288996695248,3977129133.2757235,188455914.277421
2020-10-14 00:00:00 UTC,4.248906706000911,3915494879.7760305,155609893.3297254
2020-10-15 00:00:00 UTC,4.1946440236628275,3867261708.4269414,168709011.56224796
2020-10-16 00:00:00 UTC,4.094854852342111,3777390476.4718733,143464781.4780979
2020-10-17 00:00:00 UTC,3.902291340576514,3609407515.0339217,161294195.66031703
2020-10-18 00:00:00 UTC,3.9644790925219424,3658072954.9526196,69398889.68866682
2020-10-19 00:00:00 UTC,4.106552351478096,3790640346.1402893,84816935.22137997
2020-10-20 00:00:00 UTC,3.991640613782067,3671134189.284116,95007120.32225177
2020-10-21 00:00:00 UTC,3.9071668227555576,3604225667.8517904,148089643.50211453
2020-10-22 00:00:00 UTC,4.13130490955701,3812512446.0483255,174236165.96079922
2020-10-23 00:00:00 UTC,4.264652281323652,3939180404.081174,146291489.18888167
2020-10-24 00:00:00 UTC,4.256187304957874,3933812312.373021,164831205.4380136
2020-10-25 00:00:00 UTC,4.350430279896141,4020658006.777102,120332452.89074594
2020-10-26 00:00:00 UTC,4.3340414314672575,4012939180.8089256,108292827.394825
2020-10-27 00:00:00 UTC,4.687976438792263,4329655077.1763115,274074972.02018064
2020-10-28 00:00:00 UTC,4.682587970002437,4340749573.937261,265898434.61678487
2020-10-29 00:00:00 UTC,4.360419431708068,4034473421.2102537,202108505.00692162
2020-10-30 00:00:00 UTC,4.0535048878831885,3764515251.518611,200320469.3863818
2020-10-31 00:00:00 UTC,4.090725680953809,3791580626.3780184,159228530.14780968
2020-11-01 00:00:00 UTC,4.178017676018528,3874741303.6816278,91136861.76934384
2020-11-02 00:00:00 UTC,4.2018859212030994,3895006456.472724,81646034.91053519
2020-11-03 00:00:00 UTC,4.02450724653999,3739887980.0737333,140951326.24756223
2020-11-04 00:00:00 UTC,4.025233393564967,3734301175.4767933,122070013.90305401
2020-11-05 00:00:00 UTC,4.08136926366573,3787360078.116946,167238369.00696442
2020-11-06 00:00:00 UTC,4.2330784917447986,3937088642.1498547,147107170.64734727
2020-11-07 00:00:00 UTC,4.570121705410882,4258511485.891999,189796195.46608785
2020-11-08 00:00:00 UTC,4.237073500377915,3945482202.1835647,278868817.51144844
2020-11-09 00:00:00 UTC,4.36318980541015,4078246608.5763006,128160233.80415396
2020-11-10 00:00:00 UTC,4.339818011981211,4036915102.2553153,140530467.26834425
2020-11-11 00:00:00 UTC,4.409560532264164,4109275213.3344407,127503833.19442774
2020-11-12 00:00:00 UTC,4.4487908956058995,4142055650.2154307,150334795.18311763
2020-11-13 00:00:00 UTC,4.387897880183851,4082668445.386233,116847228.49038725
2020-11-14 00:00:00 UTC,4.543670476701079,4230663243.511702,114376307.5174001
2020-11-15 00:00:00 UTC,4.467036595848679,4162232116.8495955,105545036.03024603
2020-11-16 00:00:00 UTC,4.371535464067909,4077484365.323717,101700104.16889997
2020-11-17 00:00:00 UTC,4.489781697889019,4179039016.9363775,134948395.12151504
2020-11-18 00:00:00 UTC,4.830331992396186,4503849621.370429,262107641.97021005
2020-11-19 00:00:00 UTC,4.685764153907629,4363793226.847716,231442094.2624644
2020-11-20 00:00:00 UTC,4.754053430688043,4437744294.637405,254597411.67709658
2020-11-21 00:00:00 UTC,5.2291137797130105,4882026485.544076,453367042.8198105
2020-11-22 00:00:00 UTC,5.757536694549964,5380273377.455998,434969224.6240124
2020-11-23 00:00:00 UTC,5.494676717392706,5170209964.717677,402300034.3749447
2020-11-24 00:00:00 UTC,5.895639961337506,5467632721.652316,459048675.4013789
2020-11-25 00:00:00 UTC,5.7134397129088965,5349446030.631042,495215338.30771893
2020-11-26 00:00:00 UTC,5.304069822023128,4944330443.97678,338334053.3515652
2020-11-27 00:00:00 UTC,4.799368169183063,4481218213.2427435,590290526.5461713
2020-11-28 00:00:00 UTC,4.789256503946778,4472460027.798345,348738180.8792862
2020-11-29 00:00:00 UTC,4.889793511050391,4574371937.667865,165147373.40301624
2020-11-30 00:00:00 UTC,5.185800478185966,4847631627.853293,180449728.82591808
2020-12-01 00:00:00 UTC,5.354461939485786,5021807204.881335,281162258.87326753
2020-12-02 00:00:00 UTC,5.103662736678471,4783025652.238981,283997579.19488394
2020-12-03 00:00:00 UTC,5.4791688023995855,5133075936.979941,221443721.34281644
2020-12-04 00:00:00 UTC,5.410465394503286,5064584908.140408,180056113.46700332
2020-12-05 00:00:00 UTC,5.050151461894864,4723585460.440241,187447411.29744184
2020-12-06 00:00:00 UTC,5.192111883448054,4859029118.679096,163925878.93170908
2020-12-07 00:00:00 UTC,5.1276943188376345,4812002430.024476,124802254.50752078
2020-12-08 00:00:00 UTC,5.060144766864494,4750708655.5933,122459164.11119731
2020-12-09 00:00:00 UTC,4.739434958246353,4473125093.332668,177229440.09950307
2020-12-10 00:00:00 UTC,4.863467872055046,4580216020.823783,188894951.16754755
2020-12-11 00:00:00 UTC,4.799326849064115,4520011663.465658,124920916.15278496
2020-12-12 00:00:00 UTC,4.627222115400451,4350296965.757761,151211192.49292222
2020-12-13 00:00:00 UTC,4.737725656552705,4455620171.257192,124398004.61164066
2020-12-14 00:00:00 UTC,4.8891194895528125,4593849679.408428,149377920.07492235
2020-12-15 00:00:00 UTC,4.898343040590993,4612926971.9815445,127483634.08531529
2020-12-16 00:00:00 UTC,5.262614123384493,4983814223.593981,226657411.00945666
2020-12-17 00:00:00 UTC,5.358418752997773,5051770600.2730875,280617074.90846276
2020-12-18 00:00:00 UTC,5.346437615969691,5043374200.259078,388878613.38309264
2020-12-19 00:00:00 UTC,5.3643097792530385,5047179446.47409,238147666.04239407
2020-12-20 00:00:00 UTC,5.338112956518199,5043012871.235929,221959265.0973418
2020-12-21 00:00:00 UTC,5.182239119670477,4884986668.975207,235826101.90278256
2020-12-22 00:00:00 UTC,4.892651644964082,4642851803.926471,328011704.8498074
2020-12-23 00:00:00 UTC,5.153342961453958,4875242737.61714,332723854.8795314
2020-12-24 00:00:00 UTC,4.738927848976903,4489530313.422168,322787689.4904395
2020-12-25 00:00:00 UTC,5.135446440741811,4859778621.300656,298616200.23050565
2020-12-26 00:00:00 UTC,5.211168044078331,4939071509.721283,215984215.3337366
2020-12-27 00:00:00 UTC,5.211078203647316,4920780281.244822,389881571.49156916
2020-12-28 00:00:00 UTC,5.170288678373178,4917775037.589005,599564761.8727797
2020-12-29 00:00:00 UTC,6.609020866254324,6274967873.493339,1001838592.4843612
2020-12-30 00:00:00 UTC,7.574707918682685,7217589339.709585,1623438090.7900755
2020-12-31 00:00:00 UTC,7.279015190253465,6890483558.510944,1162860045.9212942
2021-01-01 00:00:00 UTC,9.361037070164066,8790589451.482008,1926142318.8993368
2021-01-02 00:00:00 UTC,8.309384385343932,7876734640.506003,1589686202.433354
2021-01-03 00:00:00 UTC,9.223083455454598,8778072861.213175,1884370500.0352182
2021-01-04 00:00:00 UTC,10.27944456603755,9839572847.117577,2026241252.0596154
2021-01-05 00:00:00 UTC,9.259346327220705,8767297086.336569,1788452339.2778962
2021-01-06 00:00:00 UTC,9.739198196297945,9268615029.823357,1101026826.544137
2021-01-07 00:00:00 UTC,10.097684412122385,9667925163.928446,1383529724.4738817
2021-01-08 00:00:00 UTC,9.646132180213604,9154780364.803495,1357811528.895877
2021-01-09 00:00:00 UTC,9.314730658380785,8872846060.524126,1132451712.0402448
2021-01-10 00:00:00 UTC,9.778410809521537,9332171957.95746,753225124.2942744
2021-01-11 00:00:00 UTC,9.32941019974151,8899676317.009953,837525001.2664026
2021-01-12 00:00:00 UTC,8.288132976060027,7889136044.384198,1814162155.3060699
2021-01-13 00:00:00 UTC,8.263019571221426,7874265559.834409,845668469.3126857
2021-01-14 00:00:00 UTC,11.02499584700394,10463214371.418743,2072789652.8729303
2021-01-15 00:00:00 UTC,14.38916681553055,13710583025.260971,3706157857.0315957
2021-01-16 00:00:00 UTC,13.197430651795004,12518186422.369808,4067988418.441339
2021-01-17 00:00:00 UTC,18.284968089036074,17454759345.0311,7335372449.691468
2021-01-18 00:00:00 UTC,16.941180662094123,16170957365.959196,4336834538.540487
2021-01-19 00:00:00 UTC,16.417059963410804,15611727621.338995,2342725151.713157
2021-01-20 00:00:00 UTC,16.500379490310053,15867491203.42768,2101304751.9949412
2021-01-21 00:00:00 UTC,17.970988693677562,17124488269.973804,3098835544.8857055
2021-01-22 00:00:00 UTC,16.003304708570408,15578426592.67866,3129318087.8445983
2021-01-23 00:00:00 UTC,17.15345552433555,16466661831.919771,2765854645.4363594
2021-01-24 00:00:00 UTC,18.600319045809094,17702992560.13173,2215949804.9533052
2021-01-25 00:00:00 UTC,17.99637972827149,17273184189.924995,1518953639.2466738
2021-01-26 00:00:00 UTC,17.255294680478368,16515904649.551546,1654796100.7896485
2021-01-27 00:00:00 UTC,17.114219195402026,16415459288.594057,1296758574.747851
2021-01-28 00:00:00 UTC,15.458076344001169,14798283723.454659,1336945930.4510188
2021-01-29 00:00:00 UTC,16.953589906577026,16254766558.700006,1520805815.1531267
2021-01-30 00:00:00 UTC,16.813221319825903,16183669590.285444,1861571320.5965343
2021-01-31 00:00:00 UTC,16.436802315990118,15755706707.425257,943930650.0265751
2021-02-01 00:00:00 UTC,16.14345479897933,15447495133.606997,1145966595.3844478
2021-02-02 00:00:00 UTC,16.334468233166803,15718566326.160374,957499231.0275391
2021-02-03 00:00:00 UTC,17.246208880683334,16703247515.16536,1360952730.1383374
2021-02-04 00:00:00 UTC,20.81123989919261,19971174479.345352,2517074593.027832
2021-02-05 00:00:00 UTC,19.687856290916976,19067536675.01821,2327103649.7824135
2021-02-06 00:00:00 UTC,20.91552499982878,20065986931.370617,1742093250.4734116
2021-02-07 00:00:00 UTC,20.398566658141082,19582739051.288105,1354116192.8114617
2021-02-08 00:00:00 UTC,19.686716214362857,18891743103.597805,1496709054.2225707
2021-02-09 00:00:00 UTC,23.104852396172653,22114659632.659473,2773507986.714624
2021-02-10 00:00:00 UTC,23.177174086708273,22334799741.81557,1884256190.4570649
2021-02-11 00:00:00 UTC,23.533187894020454,22734504386.84818,2131291693.2757363
2021-02-12 00:00:00 UTC,25.11602680817384,24161179429.366028,2103920735.4379256
2021-02-13 00:00:00 UTC,28.637121005864973,27616676384.90755,2519169670.429951
2021-02-14 00:00:00 UTC,27.947634813017714,27007038181.38601,2266210239.4688272
2021-02-15 00:00:00 UTC,27.052949735557565,26227319235.22934,1595500661.964877
2021-02-16 00:00:00 UTC,27.686623199565354,26566488356.9671,2472116588.792158
2021-02-17 00:00:00 UTC,30.19801882921414,29114114011.07639,2701843651.3887186
2021-02-18 00:00:00 UTC,31.93217512022303,30712299898.00881,2323010298.124222
2021-02-19 00:00:00 UTC,31.16279213534729,30015246212.949078,1446625690.0175753
2021-02-20 00:00:00 UTC,35.02642927738189,33723084919.03054,2809304671.1877484
2021-02-21 00:00:00 UTC,39.37357824214819,37257080664.757454,5237458518.062277
2021-02-22 00:00:00 UTC,39.722197469433084,37996210717.6472,2910491062.714656
2021-02-23 00:00:00 UTC,37.817806817149155,36345028065.35592,4422794727.434546
2021-02-24 00:00:00 UTC,34.39389978147767,33192737847.942608,6044402319.652301
2021-02-25 00:00:00 UTC,33.728701680774485,32697522066.641846,3216425877.0109863
2021-02-26 00:00:00 UTC,31.18993528588956,30403400398.56049,2424342543.138615
2021-02-27 00:00:00 UTC,31.374676906050965,30323219597.905197,3811257872.375225
2021-02-28 00:00:00 UTC,33.804127649421545,32494177264.131943,3663132564.0751624
2021-03-01 00:00:00 UTC,33.453163322797664,32724468747.04945,3361298154.3935986
2021-03-02 00:00:00 UTC,35.572923823083045,34482548793.082504,2394221030.452759
2021-03-03 00:00:00 UTC,36.273412651568634,35162491056.98591,2652602369.6720257
2021-03-04 00:00:00 UTC,37.07636012738535,36037615291.30907,1846992438.6695292
2021-03-05 00:00:00 UTC,35.413922185913535,34325821408.80083,2017937521.415405
2021-03-06 00:00:00 UTC,33.72448813423524,32533163620.605686,2195167253.9325957
2021-03-07 00:00:00 UTC,33.493545963177105,32513187620.90908,1056302430.6437292
2021-03-08 00:00:00 UTC,35.244068617208505,34105986455.119774,1174423275.4810855
2021-03-09 00:00:00 UTC,34.97150748636119,33921422032.115574,1202842486.8403623
2021-03-10 00:00:00 UTC,38.39566561239021,37395351100.78027,2208593351.545486
2021-03-11 00:00:00 UTC,37.77983958064008,36853090170.43106,2247048891.0175467
2021-03-12 00:00:00 UTC,36.87831206918232,35856583093.91823,1602488721.3347497
2021-03-13 00:00:00 UTC,35.707556770344794,34769140591.6425,1346759594.8959148
2021-03-14 00:00:00 UTC,37.31727832816065,36630956614.64997,1507640392.6381807
2021-03-15 00:00:00 UTC,36.72597695065916,35929717095.64556,1076645082.295149
2021-03-16 00:00:00 UTC,34.35379402477465,33698594020.455296,1939668585.3105516
2021-03-17 00:00:00 UTC,35.65040902655968,34537765726.02906,1616622960.744138
2021-03-18 00:00:00 UTC,36.29445282846255,35349519331.46919,1407907457.9845603
2021-03-19 00:00:00 UTC,35.52301948450725,34684937913.02223,1130555670.2476017
2021-03-20 00:00:00 UTC,38.21625368340663,37374066395.854706,1816822876.654633
2021-03-21 00:00:00 UTC,37.504844437877956,36835725243.02955,1624244017.1843762
2021-03-22 00:00:00 UTC,36.765101684857974,35952735874.87629,1282812882.4768355
2021-03-23 00:00:00 UTC,35.517977330046804,34774273754.16565,1238649934.2621312
2021-03-24 00:00:00 UTC,34.28626821871331,33531597127.33813,1146831543.568595
2021-03-25 00:00:00 UTC,30.570941813601564,30045752287.980137,1939572978.8947408
2021-03-26 00:00:00 UTC,29.710342331197918,29046963177.401062,2380374370.5190663
2021-03-27 00:00:00 UTC,33.12929964007773,32342912958.142776,1302279715.7344959
2021-03-28 00:00:00 UTC,32.623518813998444,31949432348.545704,1081995006.209691
2021-03-29 00:00:00 UTC,32.170750958622584,31468649102.246227,872725521.1743374
2021-03-30 00:00:00 UTC,34.326400141737494,33490535900.76816,837849935.5380555
2021-03-31 00:00:00 UTC,33.925085875005024,33200100559.216576,972088014.2611275
2021-04-01 00:00:00 UTC,36.88846964991404,36315780875.424095,2749780924.550207
2021-04-02 00:00:00 UTC,37.62466260171384,36943423386.29301,2112188584.2797937
2021-04-03 00:00:00 UTC,40.9438709604607,40042895373.819046,2109672607.7135742
2021-04-04 00:00:00 UTC,41.70150320376947,41035684386.907776,3953738785.6009393
2021-04-05 00:00:00 UTC,44.23991890458163,43038662965.1209,2203439508.717633
2021-04-06 00:00:00 UTC,45.608300004049674,44120784681.118515,2101421530.2666874
2021-04-07 00:00:00 UTC,43.42494300781044,42688387270.04445,2250595124.9908485
2021-04-08 00:00:00 UTC,39.7504883353942,39229624713.84908,2407805210.9192314
2021-04-09 00:00:00 UTC,41.40897804173473,40700735346.47808,1386402238.6371279
2021-04-10 00:00:00 UTC,40.78441349825649,40088795175.58917,1063984405.5106469
2021-04-11 00:00:00 UTC,41.59194183003013,40822769763.2672,1301909092.0272765
2021-04-12 00:00:00 UTC,41.37856473210077,40683743856.07151,1220208465.547585
2021-04-13 00:00:00 UTC,40.5573365714278,39897746204.72769,1426647376.004758
2021-04-14 00:00:00 UTC,43.222210275480606,42419688929.988556,2159038658.702956
2021-04-15 00:00:00 UTC,42.49790062069117,41865671360.148796,2399471936.9260116
2021-04-16 00:00:00 UTC,43.52043820016024,42864935181.02473,1865431184.08903
2021-04-17 00:00:00 UTC,41.51273907303092,40968120748.56171,2098476058.2316206
2021-04-18 00:00:00 UTC,42.40896113698797,42045360704.400856,3622543924.235522
2021-04-19 00:00:00 UTC,37.3734056067233,36963739593.6074,4664575738.97489
2021-04-20 00:00:00 UTC,34.82115668267041,34547573875.09173,2183490705.6617746
2021-04-21 00:00:00 UTC,35.414477916826065,35052437008.23122,2535369660.112585
2021-04-22 00:00:00 UTC,34.01561845397449,33656812078.590767,2067143570.5438857
2021-04-23 00:00:00 UTC,33.24205546321306,32837988741.585655,2727362562.7818136
2021-04-24 00:00:00 UTC,32.377708870905025,31955227311.01955,3692974457.242997
2021-04-25 00:00:00 UTC,29.138478823748244,29164117673.324932,1790187521.1027157
2021-04-26 00:00:00 UTC,29.77071633647868,29386423738.55804,1426820530.317965
2021-04-27 00:00:00 UTC,33.46053388171351,32971528339.239906,2073188240.1405542
2021-04-28 00:00:00 UTC,34.538588734933114,34085016694.010246,1707353296.040809
2021-04-29 00:00:00 UTC,33.99294723198461,33465362480.344566,1727083451.9411442
2021-04-30 00:00:00 UTC,35.78168797918116,35125134676.12503,1671642385.8837767
2021-05-01 00:00:00 UTC,36.55581656201138,36161115650.50087,2053574634.1266975
2021-05-02 00:00:00 UTC,36.895496256261175,36487497552.831894,1431056978.6740394
2021-05-03 00:00:00 UTC,36.6285627722494,36175071088.34755,1303233017.6899304
2021-05-04 00:00:00 UTC,37.31086830197741,36985789925.45359,1645143224.0203195
2021-05-05 00:00:00 UTC,34.66179715014015,34707954650.18579,2295521130.5770683
2021-05-06 00:00:00 UTC,40.56852655266073,40073630954.333496,2902362969.2338347
2021-05-07 00:00:00 UTC,41.51515689478929,41263884488.423386,3591760181.6557684
2021-05-08 00:00:00 UTC,39.929559186608884,39477322692.65792,2614452242.387992
2021-05-09 00:00:00 UTC,39.64457142823194,39197018807.0192,1539872559.5545456
2021-05-10 00:00:00 UTC,40.30508802482359,39960281498.6593,1960812614.7285278
2021-05-11 00:00:00 UTC,36.69757742138309,36380576367.92715,2738737908.933777
2021-05-12 00:00:00 UTC,38.629214072066546,38213129449.26634,1978072269.6659775
2021-05-13 00:00:00 UTC,35.36632136089033,36142903315.04381,3297743471.4965587
2021-05-14 00:00:00 UTC,40.104540401272516,39682065176.0802,6028561379.2491
2021-05-15 00:00:00 UTC,47.332353635705644,46663358358.632095,4389158726.270394
2021-05-16 00:00:00 UTC,43.190023148615246,42873126463.91633,5670783483.435763
2021-05-17 00:00:00 UTC,42.495607764845325,41909567642.53158,3512522788.0849147
2021-05-18 00:00:00 UTC,38.46656477354152,38675535803.375725,3591393624.0346236
2021-05-19 00:00:00 UTC,40.78449482314308,40700856754.28537,2964614890.0023675
2021-05-20 00:00:00 UTC,25.54743108791691,26212334807.34307,7440268038.0967455
2021-05-21 00:00:00 UTC,28.967655743659353,28603677243.810192,4887264993.644384
2021-05-22 00:00:00 UTC,23.886862196760713,23855622508.168064,4537200355.067695
2021-05-23 00:00:00 UTC,21.986431379821404,21860219890.87334,3027159412.6211486
2021-05-24 00:00:00 UTC,18.055571726141213,17830097290.168854,4240565324.877562
2021-05-25 00:00:00 UTC,23.068256289923756,22978156612.954174,3294658515.605996
2021-05-26 00:00:00 UTC,21.997749037507997,21933881526.44776,2593578225.083468
2021-05-27 00:00:00 UTC,24.663574518122417,24531339737.5942,2295932465.490305
2021-05-28 00:00:00 UTC,23.994031084550947,24040296853.950665,1953660434.2199876
2021-05-29 00:00:00 UTC,21.464260992226066,21392351948.632805,3163705196.799271
2021-05-30 00:00:00 UTC,19.918216681542294,20036900253.630054,1639713144.1522937
2021-05-31 00:00:00 UTC,20.42812252465196,20344660576.923485,1386880188.949725
2021-06-01 00:00:00 UTC,23.328086584213068,23254070863.818947,1916499739.7321558
2021-06-02 00:00:00 UTC,22.902544778389903,22899347242.905197,1555014124.7382228
2021-06-03 00:00:00 UTC,26.167284395860875,26126479643.786804,2139089062.7504544
2021-06-04 00:00:00 UTC,27.234938171421856,27239991190.48918,2059836125.1783895
2021-06-05 00:00:00 UTC,25.10056065061593,25084953695.39406,1952268571.332295
2021-06-06 00:00:00 UTC,23.815643608975247,23680247755.592136,1415753256.4326484
2021-06-07 00:00:00 UTC,24.145890051847427,24156716111.00127,843204626.1208866
2021-06-08 00:00:00 UTC,21.39739256988473,21605113644.382584,1280241352.385666
2021-06-09 00:00:00 UTC,21.865193511951766,21896291632.897587,1698751463.5288625
2021-06-10 00:00:00 UTC,23.196555046160704,23303937957.99968,1452158373.0871491
2021-06-11 00:00:00 UTC,22.680029341910497,22853431521.801174,1437709901.7599847
2021-06-12 00:00:00 UTC,21.056524698640047,21108781102.469795,981770548.2225292
2021-06-13 00:00:00 UTC,20.847240009628234,21002014902.98868,962136083.1628792
2021-06-14 00:00:00 UTC,22.088991123662673,22042757096.994293,802526585.392608
2021-06-15 00:00:00 UTC,25.93495744173237,26018722804.42594,2102058923.7809913
2021-06-16 00:00:00 UTC,24.11981873706437,24229295867.459297,1499821201.2995617
2021-06-17 00:00:00 UTC,22.83454099821231,22887778579.919186,1132504108.432292
2021-06-18 00:00:00 UTC,22.554291981739443,22454000728.776775,830343796.1260432
2021-06-19 00:00:00 UTC,21.455255969499717,21545349132.29741,861812291.6179062
2021-06-20 00:00:00 UTC,20.382325917766163,20468951490.828773,624793482.9809674
2021-06-21 00:00:00 UTC,20.744845672595986,20817405498.417953,889911121.8767681
2021-06-22 00:00:00 UTC,15.781535531442344,15982853048.931551,1604155701.6824002
2021-06-23 00:00:00 UTC,14.627751874192958,14637302133.758293,2207447798.607186
2021-06-24 00:00:00 UTC,15.861423175287621,15964610514.042696,1395173769.7441962
2021-06-25 00:00:00 UTC,16.262421022046162,16337122561.43929,891444663.6233742
2021-06-26 00:00:00 UTC,14.747592275574856,14854414724.676348,863464620.4382737
2021-06-27 00:00:00 UTC,14.41927250471979,14370536477.857649,805461997.5952917
2021-06-28 00:00:00 UTC,14.976084280991744,15038775166.061934,616294782.9453921
2021-06-29 00:00:00 UTC,15.775887722002627,15872501595.64575,755671286.8360317
2021-06-30 00:00:00 UTC,16.279041729818577,16384626754.387346,935736808.1989927
2021-07-01 00:00:00 UTC,16.412002192338434,16512919235.466106,858783153.1010189
2021-07-02 00:00:00 UTC,15.281224095869002,15380656777.288427,585331700.7122605
2021-07-03 00:00:00 UTC,15.342281439549721,15419847509.992872,468816447.8059007
2021-07-04 00:00:00 UTC,15.507857021418484,15587592092.317818,433677879.5271505
2021-07-05 00:00:00 UTC,16.029758819607352,16202592095.968876,496919154.30138683
2021-07-06 00:00:00 UTC,15.31885654020041,15446939706.966547,574183925.1512223
2021-07-07 00:00:00 UTC,16.01125441862346,16110114515.520721,710889640.5946512
2021-07-08 00:00:00 UTC,16.84380170366391,16988955419.758852,1071108684.8823645
2021-07-09 00:00:00 UTC,15.380429468503015,15515383491.814346,803984948.9624517
2021-07-10 00:00:00 UTC,15.732674730640067,15876798284.279968,541920808.0654576
2021-07-11 00:00:00 UTC,15.36268352922368,15507578349.20516,420597815.0755611
2021-07-12 00:00:00 UTC,15.51696017943959,15659569354.397688,344870666.6668761
2021-07-13 00:00:00 UTC,14.934794068404925,15064043256.525341,448242274.993748
2021-07-14 00:00:00 UTC,14.143113801682961,14290203246.661207,392671006.92454654
2021-07-15 00:00:00 UTC,13.797801649099958,13918632889.939701,594320913.1156065
2021-07-16 00:00:00 UTC,13.04247296885441,13164575053.977856,559591550.8491681
2021-07-17 00:00:00 UTC,12.016875287601096,12135153029.810574,552734556.6652181
2021-07-18 00:00:00 UTC,12.274409909483534,12431619895.169931,602223527.0661373
2021-07-19 00:00:00 UTC,12.77284725809809,12904733429.225042,491685992.45810634
2021-07-20 00:00:00 UTC,11.539037723699147,11716868009.766188,633403592.1663936
2021-07-21 00:00:00 UTC,11.0743355718571,11192123688.695856,604314613.6823586
2021-07-22 00:00:00 UTC,12.401542039727646,12507872639.32874,943414148.436684
2021-07-23 00:00:00 UTC,13.262281874766463,13425897698.422424,855200965.5527009
2021-07-24 00:00:00 UTC,13.351105190817131,13516250007.12555,748669936.7785717
2021-07-25 00:00:00 UTC,13.846756807214286,13995021443.19115,647617803.3238002
2021-07-26 00:00:00 UTC,13.80111075819321,13977268609.217564,599123810.8506314
2021-07-27 00:00:00 UTC,13.94463912061858,14197666149.040764,1406472419.6280398
2021-07-28 00:00:00 UTC,14.326005804928336,14471619607.204191,924272223.9271412
2021-07-29 00:00:00 UTC,14.543284734722445,14744715019.364664,861496261.0001287
2021-07-30 00:00:00 UTC,15.236569038715562,15511762402.182098,859675435.1189196
2021-07-31 00:00:00 UTC,15.791851834578114,16020063316.840374,899105792.4212883
2021-08-01 00:00:00 UTC,16.912525912521748,17191651678.448353,970085119.0522482
2021-08-02 00:00:00 UTC,18.3233458957442,18560418021.78449,2222122744.8011594
2021-08-03 00:00:00 UTC,18.18533098596882,18581195437.747715,1322342228.4124486
2021-08-04 00:00:00 UTC,17.471733267876886,17745897142.51564,959709619.3894043
2021-08-05 00:00:00 UTC,19.1805497367464,19483236487.043167,1291235791.1619103
2021-08-06 00:00:00 UTC,19.140041901139753,19473342237.69863,1270447579.789482
2021-08-07 00:00:00 UTC,20.42446316253671,20766396621.81058,1293430028.7762022
2021-08-08 00:00:00 UTC,21.035247716871766,21265044607.579567,1269915497.355134
2021-08-09 00:00:00 UTC,19.742707991682025,20106626711.23179,1018656074.6366373
2021-08-10 00:00:00 UTC,20.62804403556566,20824372654.69003,1053844787.9927258
2021-08-11 00:00:00 UTC,20.653509906705782,21021462160.86903,1135180262.5213861
2021-08-12 00:00:00 UTC,21.37773202804451,21760453709.923435,1462398351.259337
2021-08-13 00:00:00 UTC,20.762374234824012,21137761564.596798,1239209131.0266278
2021-08-14 00:00:00 UTC,22.604203176061617,22996186282.12132,1111594036.730999
2021-08-15 00:00:00 UTC,22.844915663284972,23372878955.12979,1157508341.238964
2021-08-16 00:00:00 UTC,23.111421610258507,23563334000.34182,944471290.0613953
2021-08-17 00:00:00 UTC,24.505600114092154,25452923777.416542,2081379320.9377134
2021-08-18 00:00:00 UTC,23.475585881540784,24159304429.401466,2580123102.6011233
2021-08-19 00:00:00 UTC,24.217998883334403,24871121629.816124,1897698075.3012993
2021-08-20 00:00:00 UTC,26.39307969821538,26800386991.24821,1834951374.3786929
2021-08-21 00:00:00 UTC,28.11162896524324,28679131918.841976,1906428283.9811225
2021-08-22 00:00:00 UTC,27.98249951438773,28629606444.31811,1614836574.9771018
2021-08-23 00:00:00 UTC,27.76421923953403,28485595629.483974,1316710459.9558077
2021-08-24 00:00:00 UTC,27.874502464277274,28634802760.25213,1346642387.4207954
2021-08-25 00:00:00 UTC,25.155027283169083,25966214797.418373,1562256496.4319983
2021-08-26 00:00:00 UTC,26.047207844402855,26709687702.000233,1426104606.9529798
2021-08-27 00:00:00 UTC,24.3643860162625,25001420049.62348,1307436888.2346263
2021-08-28 00:00:00 UTC,26.547837050599668,27227356056.746326,1360622439.1787415
2021-08-29 00:00:00 UTC,25.99098096746212,26609443201.535122,829101579.1077722
2021-08-30 00:00:00 UTC,25.776588868303357,26402199659.960243,678938725.0418639
2021-08-31 00:00:00 UTC,26.00661198004802,26606852908.878548,1464426120.1452827
2021-09-01 00:00:00 UTC,31.69534711952069,32535963685.01559,4569057825.199612
2021-09-02 00:00:00 UTC,32.97277073071684,33822604572.48581,3159549414.572988
2021-09-03 00:00:00 UTC,31.864305506316025,32719602764.601856,1792704918.9237335
2021-09-04 00:00:00 UTC,33.43097155843943,34222384278.98811,1894789965.7705662
2021-09-05 00:00:00 UTC,32.488914403134835,33466123091.017315,1155544794.471392
2021-09-06 00:00:00 UTC,34.274432165434725,35142925872.48066,1262460653.608827
2021-09-07 00:00:00 UTC,34.22739903407088,35143731453.001076,1659932503.4548569
2021-09-08 00:00:00 UTC,27.926488890687644,28688050254.74506,4111825922.313873
2021-09-09 00:00:00 UTC,27.531978243944284,28490126294.132744,2523472271.321018
2021-09-10 00:00:00 UTC,29.689510289564407,30643022045.922634,2236812413.367374
2021-09-11 00:00:00 UTC,28.996715238323496,29788383579.59864,2729974247.8725033
2021-09-12 00:00:00 UTC,31.43064687183972,32286865041.880806,1677342484.6653113
2021-09-13 00:00:00 UTC,35.75990641335851,37027846170.79269,3341446624.441163
2021-09-14 00:00:00 UTC,34.81777544563242,35812324937.10864,5604723293.868191
2021-09-15 00:00:00 UTC,37.53172439963404,38788253004.43867,2939726407.270585
2021-09-16 00:00:00 UTC,36.32933883533318,37410339125.7701,1625848750.932562
2021-09-17 00:00:00 UTC,35.549524255890255,36546026114.95362,1710265888.0050788
2021-09-18 00:00:00 UTC,33.09227314887529,34034533042.46009,1782611570.3137794
2021-09-19 00:00:00 UTC,34.934410728513505,36039068294.78999,1327354227.9320111
2021-09-20 00:00:00 UTC,33.7407233723622,34807420627.91072,1019941670.7607338
2021-09-21 00:00:00 UTC,28.333626600911884,28858484282.205788,2884063141.216121
2021-09-22 00:00:00 UTC,25.942043886237556,26596968281.658463,2393207898.4139647
2021-09-23 00:00:00 UTC,31.41067815412838,32330431374.67911,2179016958.3430533
2021-09-24 00:00:00 UTC,33.464521782542995,34457686867.44408,1701994083.1513853
2021-09-25 00:00:00 UTC,30.768722950317553,32097307439.380386,2858400513.0512323
2021-09-26 00:00:00 UTC,30.04378117695469,31000841342.569416,1508016469.170687
2021-09-27 00:00:00 UTC,28.739701317904686,29660694061.66691,1910397670.076767
2021-09-28 00:00:00 UTC,27.67820657740941,28750637839.83791,1239547492.5131752
2021-09-29 00:00:00 UTC,26.225564399871853,27312849334.235485,1133874857.2115479
2021-09-30 00:00:00 UTC,27.327637141304375,28251846107.374012,1141653463.512733
2021-10-01 00:00:00 UTC,28.618114087839533,29647004904.201897,946076212.7442867
2021-10-02 00:00:00 UTC,31.978847883259032,33124711534.88856,1539100178.7016811
2021-10-03 00:00:00 UTC,32.19539836627864,33366977888.09331,1093592994.3993373
2021-10-04 00:00:00 UTC,32.200486900159035,33433185196.45586,981313959.1390123
2021-10-05 00:00:00 UTC,31.185245935073066,32355047103.451736,1068187920.8816575
2021-10-06 00:00:00 UTC,31.541054456229364,32811530483.494095,1153342607.52326
2021-10-07 00:00:00 UTC,32.485705866217415,33631272711.70877,1673853881.1569786
2021-10-08 00:00:00 UTC,33.83145977239081,35072084816.551285,2437285587.375258
2021-10-09 00:00:00 UTC,33.370044760833935,34620498524.94477,1340022268.8006043
2021-10-10 00:00:00 UTC,36.373698468386564,37802353613.87512,1629814362.5436416
2021-10-11 00:00:00 UTC,34.34298721225934,35710512172.95275,1612950927.4838629
2021-10-12 00:00:00 UTC,34.113785679254384,35325841250.25503,1433542116.6139305
2021-10-13 00:00:00 UTC,35.13048155416554,36538467935.6122,1663686691.70196
2021-10-14 00:00:00 UTC,41.72781217437264,43402384032.36916,4527734457.71567
2021-10-15 00:00:00 UTC,40.720592122011716,42297076381.17521,2834739999.4049153
2021-10-16 00:00:00 UTC,43.5866296137355,45369612052.93674,3340306020.12635
2021-10-17 00:00:00 UTC,41.968290433109175,43859273192.05522,2044464416.564224
2021-10-18 00:00:00 UTC,42.12994623897843,43742927172.28111,1678390358.3639565
2021-10-19 00:00:00 UTC,41.14152379788144,42776996273.43379,1670187843.7146287
2021-10-20 00:00:00 UTC,41.420230493727836,43172393924.76975,1362586696.1227024
2021-10-21 00:00:00 UTC,44.55324022965871,46502735484.6576,2051643382.724359
2021-10-22 00:00:00 UTC,43.00191330948035,44853525407.92835,2259319122.6516676
2021-10-23 00:00:00 UTC,43.76861008364971,45743493577.48053,2422252174.461146
2021-10-24 00:00:00 UTC,44.12639396425712,45949461091.81612,1133605760.2683647
2021-10-25 00:00:00 UTC,42.52360241274431,44266068982.239525,1174173107.44725
2021-10-26 00:00:00 UTC,44.59331921239614,46565972980.72428,1262328203.4107306
2021-10-27 00:00:00 UTC,45.302770817549685,47076289145.008644,1663350142.7556872
2021-10-28 00:00:00 UTC,40.48819618495527,42320923634.55647,2822544773.7466774
2021-10-29 00:00:00 UTC,42.073440498286715,43915913929.21665,2837544491.9542346
2021-10-30 00:00:00 UTC,44.12376816409454,46048093042.8942,2174026709.4708204
2021-10-31 00:00:00 UTC,42.736192329791095,44630826101.60116,921954043.1230278
2021-11-01 00:00:00 UTC,42.81690939370991,44886129168.90644,1166429150.4682539
2021-11-02 00:00:00 UTC,50.09269045865121,52530888832.48173,4318501726.145254
2021-11-03 00:00:00 UTC,51.27829191261836,53365191562.93175,2182640237.2542076
2021-11-04 00:00:00 UTC,53.33615766815946,55783091481.4853,3252716884.514119
2021-11-05 00:00:00 UTC,54.14285984546231,56578310063.025444,2697750494.53814
2021-11-06 00:00:00 UTC,51.990745657999035,54378059923.014465,1720857363.0911849
2021-11-07 00:00:00 UTC,52.07770442889012,54554740326.24517,1627969789.0787377
2021-11-08 00:00:00 UTC,52.39636639694776,54856754672.34203,1340475200.6258733
2021-11-09 00:00:00 UTC,53.39305737496087,56053826261.21133,1651861930.0147119
2021-11-10 00:00:00 UTC,50.96942903851561,53615095611.95095,1748304840.7502017
2021-11-11 00:00:00 UTC,46.99648883017275,49245687240.40879,3042657593.4231935
2021-11-12 00:00:00 UTC,47.82785067139819,50255317535.37581,1783298683.2010467
2021-11-13 00:00:00 UTC,46.11537592517483,48284481979.40985,1891156861.5722303
2021-11-14 00:00:00 UTC,47.275224791841616,49560802050.11947,1068657955.267484
2021-11-15 00:00:00 UTC,46.591442711863266,48616511838.581566,844253258.6828798
2021-11-16 00:00:00 UTC,44.93714053035325,47241284463.34242,1101847678.233345
2021-11-17 00:00:00 UTC,41.18319811384895,43398597488.69447,2820151302.868465
2021-11-18 00:00:00 UTC,42.6861490104601,44819576742.965065,1788604885.741558
2021-11-19 00:00:00 UTC,38.926188899913996,41137039675.124115,1985512677.7768087
2021-11-20 00:00:00 UTC,41.42920166167476,43630032597.80758,1421375199.7158933
2021-11-21 00:00:00 UTC,42.184786086687964,44503624182.3523,942752211.5820888
2021-11-22 00:00:00 UTC,42.58084389913225,45167296661.409134,1105619165.4750638
2021-11-23 00:00:00 UTC,39.460313920693075,41758139803.886024,1273900351.13475
2021-11-24 00:00:00 UTC,40.89380081135477,43155813816.60871,1022163840.9830971
2021-11-25 00:00:00 UTC,38.338259845831686,40623954497.32558,990884789.2227674
2021-11-26 00:00:00 UTC,39.3973876308258,41769419055.51868,1061523199.1464257
2021-11-27 00:00:00 UTC,34.607328982708594,36623738524.83695,1990184283.7149525
2021-11-28 00:00:00 UTC,34.95133852170145,36923137591.07219,879872172.5632542
2021-11-29 00:00:00 UTC,35.64442850483728,37772947847.735794,1345484276.184666
2021-11-30 00:00:00 UTC,37.1882620027123,39610271572.13685,1096283142.8420017
2021-12-01 00:00:00 UTC,38.003426416904354,40350744977.338905,1373406877.464189
2021-12-02 00:00:00 UTC,36.69905708848537,38940235497.91298,1100787168.1851666
2021-12-03 00:00:00 UTC,35.72071372962105,38020300996.14989,870059822.7496377
2021-12-04 00:00:00 UTC,33.797058582536444,35994478947.066925,1176870278.2351947
2021-12-05 00:00:00 UTC,29.277802791950165,31100610008.464878,2556537289.3265076
2021-12-06 00:00:00 UTC,28.290659708129795,29998972084.677536,1275046140.7495067
2021-12-07 00:00:00 UTC,28.275803567681336,30045183844.325577,1738242139.5823917
2021-12-08 00:00:00 UTC,30.343726589287844,32206355695.974754,1579164770.1548488
2021-12-09 00:00:00 UTC,29.81682528014429,31627251203.396294,1181804681.8365912
2021-12-10 00:00:00 UTC,27.014186624811703,28884963331.479652,1069872318.3930647
2021-12-11 00:00:00 UTC,26.557637832512125,28443367930.50603,1215820047.05959
2021-12-12 00:00:00 UTC,27.74464744086527,29507420179.870304,1053957136.113929
2021-12-13 00:00:00 UTC,29.5600373761154,31425235076.101345,754187548.973305
2021-12-14 00:00:00 UTC,25.932313811594845,27635661681.994724,1099903245.3700864
2021-12-15 00:00:00 UTC,26.181983524343526,27776696297.039307,1035781763.9881892
2021-12-16 00:00:00 UTC,27.231332106149466,28682452365.937973,1427962620.7600164
2021-12-17 00:00:00 UTC,26.002561395415963,27675798693.906647,1297342225.9638927
2021-12-18 00:00:00 UTC,24.765112114316356,26416068626.617535,1006604899.8237394
2021-12-19 00:00:00 UTC,25.55648562112267,27260000560.942574,750325433.6941878
2021-12-20 00:00:00 UTC,24.802747465478337,26529707389.43836,618517652.2460241
2021-12-21 00:00:00 UTC,24.23642926385144,25931679868.20374,789581277.3226116
2021-12-22 00:00:00 UTC,25.274795319137755,27078881471.485497,752694540.9301143
2021-12-23 00:00:00 UTC,27.288277179201177,29167743983.92905,1160469145.6087036
2021-12-24 00:00:00 UTC,29.239632207049347,31173032224.78567,1315971444.8437622
2021-12-25 00:00:00 UTC,28.157889269866587,30096279470.711548,876002452.4345791
2021-12-26 00:00:00 UTC,28.94915717480624,31022208369.717255,562403880.4516754
2021-12-27 00:00:00 UTC,31.420552375463284,33550554796.09437,1385818214.8027556
2021-12-28 00:00:00 UTC,31.046054786643506,33302241419.428368,1440198029.352226
2021-12-29 00:00:00 UTC,28.030041142425592,30133454586.661674,2004953651.9929783
2021-12-30 00:00:00 UTC,26.746921410551437,28482916518.775734,1417025633.0025005
2021-12-31 00:00:00 UTC,27.53836772217654,29412068041.195526,1056266379.5992932
2022-01-01 00:00:00 UTC,26.737095973322056,28732998502.746273,1029198943.9670718
2022-01-02 00:00:00 UTC,28.641423056433503,30517681838.453594,650806340.6952845
2022-01-03 00:00:00 UTC,29.76663909151273,31944115354.77421,1076715455.9372327
2022-01-04 00:00:00 UTC,30.15170108918123,32436340090.242737,1461765935.1203914
2022-01-05 00:00:00 UTC,28.85560896706936,31537656135.75426,1312142515.8722835
2022-01-06 00:00:00 UTC,26.88794754649635,28936275424.478165,1517014108.0554445
2022-01-07 00:00:00 UTC,26.81810933164343,28843259208.714306,1281481231.3562808
2022-01-08 00:00:00 UTC,24.966617574613622,26779237851.543533,2220537714.3123727
2022-01-09 00:00:00 UTC,24.051793062157824,25923977117.20303,1258983747.847014
2022-01-10 00:00:00 UTC,24.65132946490016,26407621531.276527,1087184419.1135013
2022-01-11 00:00:00 UTC,23.773314178362128,25456977504.43002,1414107986.2645206
2022-01-12 00:00:00 UTC,25.549876615214746,27475553928.56419,1276554183.5632813
2022-01-13 00:00:00 UTC,27.349144715858582,29399262365.304707,1159766365.0459332
2022-01-14 00:00:00 UTC,25.836341318657578,27917785563.580727,1118039838.0957701
2022-01-15 00:00:00 UTC,27.748763536504455,29684561956.36822,1484988317.430836
2022-01-16 00:00:00 UTC,27.778986859944954,29895862458.44073,915517798.381983
2022-01-17 00:00:00 UTC,27.738117191121205,29789790006.807434,1049845646.3621527
2022-01-18 00:00:00 UTC,25.751505858215815,27670413006.059025,1170420006.1762898
2022-01-19 00:00:00 UTC,25.118053411006642,27020370467.037605,1087004448.6463797
2022-01-20 00:00:00 UTC,24.162781364500326,26125537293.84224,957657579.364165
2022-01-21 00:00:00 UTC,23.024331211171255,24969517569.592186,988320911.00652
2022-01-22 00:00:00 UTC,19.574187609576683,21173684730.274296,1979544572.036382
2022-01-23 00:00:00 UTC,18.28708783426802,19674934664.12584,2455316924.7197995
2022-01-24 00:00:00 UTC,18.802671156939812,20234576752.466,1420665035.5397663
2022-01-25 00:00:00 UTC,18.126485578434096,19558589660.8442,1955649017.7112184
2022-01-26 00:00:00 UTC,18.5395852346935,19987558900.912,1234858143.1858609
2022-01-27 00:00:00 UTC,18.10492562402364,19665313790.58067,1451660664.4299476
2022-01-28 00:00:00 UTC,18.18946807468125,19501146889.39568,1020174861.693886
2022-01-29 00:00:00 UTC,18.372851407945653,19806520731.82455,820374496.7826016
2022-01-30 00:00:00 UTC,18.76352083387839,20151361693.38701,607122616.9946909
2022-01-31 00:00:00 UTC,18.221536871514516,19651471274.50926,605567191.7940992
2022-02-01 00:00:00 UTC,19.456703840135145,20922623770.2995,943068662.2311251
2022-02-02 00:00:00 UTC,19.64032263624118,21259400427.022354,897937499.674754
2022-02-03 00:00:00 UTC,18.84269861214864,20314239323.80025,981092196.1154816
2022-02-04 00:00:00 UTC,18.76318690237329,20253940808.552387,747076284.5884506
2022-02-05 00:00:00 UTC,20.493714841425078,21920795400.66965,936097374.8445774
2022-02-06 00:00:00 UTC,21.410655041263617,23208237609.594383,1078480125.1055315
2022-02-07 00:00:00 UTC,21.93454476389413,23630077327.0498,669179973.8590842
2022-02-08 00:00:00 UTC,22.421151190170697,24285830156.680973,1094307998.8477252
2022-02-09 00:00:00 UTC,21.716960262761894,23527048022.776833,1178072579.252564
2022-02-10 00:00:00 UTC,21.958282792374536,23774347905.930065,727651466.613877
2022-02-11 00:00:00 UTC,20.665904642186753,22480041052.512695,1058676685.0210963
2022-02-12 00:00:00 UTC,18.98356987116232,20572029325.256985,992204806.4227159
2022-02-13 00:00:00 UTC,18.815152462515293,20347060821.402138,702583071.2979032
2022-02-14 00:00:00 UTC,18.840796816073365,20286774145.390427,520320760.0056092
2022-02-15 00:00:00 UTC,18.732314169743915,20330586905.798527,605860012.7828761
2022-02-16 00:00:00 UTC,20.167527228360353,21989212429.833023,648661043.8032804
2022-02-17 00:00:00 UTC,19.831693104156717,21632674348.359264,651228108.5882292
2022-02-18 00:00:00 UTC,18.123878114571923,19666147141.288696,729682828.0764459
2022-02-19 00:00:00 UTC,17.86887473067776,19440501172.636116,662062096.4864421
2022-02-20 00:00:00 UTC,17.926197744256044,19440770227.12013,431248077.2874277
2022-02-21 00:00:00 UTC,16.948377603477436,18571831871.01635,654237821.1593908
2022-02-22 00:00:00 UTC,16.212967526787747,17594587959.022434,939691993.3548201
2022-02-23 00:00:00 UTC,16.581915190362093,17917639268.337646,823757048.9395145
2022-02-24 00:00:00 UTC,16.036832530428047,17465416910.19338,918406607.3870813
2022-02-25 00:00:00 UTC,16.104118842758016,17503655353.218777,1685419680.7506614
2022-02-26 00:00:00 UTC,17.310035168644806,18908136701.357437,902436424.7650347
2022-02-27 00:00:00 UTC,18.006637522495673,19504595248.591766,1059446587.4252287
2022-02-28 00:00:00 UTC,17.51614278663639,19052243735.017506,987126257.7958626
2022-03-01 00:00:00 UTC,18.943247857401634,20606771091.38648,1335777108.4068086
2022-03-02 00:00:00 UTC,18.87702635955203,20556858846.838238,1246786555.9126437
2022-03-03 00:00:00 UTC,18.608045948712572,20289899683.262436,841557855.3766359
2022-03-04 00:00:00 UTC,18.03471783366769,19677291867.65052,793303761.699699
2022-03-05 00:00:00 UTC,16.784881153845042,18360963628.261246,814224107.9201245
2022-03-06 00:00:00 UTC,17.330377141911068,18883862709.2341,611717395.9555771
2022-03-07 00:00:00 UTC,17.01198949977739,18560720716.930275,583143137.6472855
2022-03-08 00:00:00 UTC,16.426913670743733,17862554741.695995,738284001.6916823
2022-03-09 00:00:00 UTC,16.945346784357945,18508887744.591454,683767994.0548117
2022-03-10 00:00:00 UTC,17.876245857159546,19560678405.51668,692867521.3571929
2022-03-11 00:00:00 UTC,16.985958823787616,18530956722.802334,601179816.7222946
2022-03-12 00:00:00 UTC,17.743647828145413,19500591095.318806,907000023.3657291
2022-03-13 00:00:00 UTC,18.150935728455433,19856321187.00703,700110604.5677758
2022-03-14 00:00:00 UTC,17.234219464598677,18826508207.97311,466836866.97416115
2022-03-15 00:00:00 UTC,17.68738785594418,19307388269.832634,513960792.2023474
2022-03-16 00:00:00 UTC,17.828163307983015,19542246751.84596,483167184.41158473
2022-03-17 00:00:00 UTC,19.055584448057218,20882474607.959236,863021898.944217
2022-03-18 00:00:00 UTC,18.755074123220062,20515847616.429142,572900134.7396764
2022-03-19 00:00:00 UTC,19.01395775408254,20852676356.84929,538421869.0531887
2022-03-20 00:00:00 UTC,19.34596806110183,21161039415.237484,599135365.0360895
2022-03-21 00:00:00 UTC,18.64579860180783,20430937897.518433,489026278.92273843
2022-03-22 00:00:00 UTC,18.788263823872484,20555627493.357197,510297791.81672853
2022-03-23 00:00:00 UTC,20.365777074518867,22375580025.085613,858765012.0841838
2022-03-24 00:00:00 UTC,20.980470549502094,22917058256.87239,950162625.406149
2022-03-25 00:00:00 UTC,21.210356404656093,23287483814.445496,871015126.7953657
2022-03-26 00:00:00 UTC,20.547025200525564,22536737974.604527,706999483.6571165
2022-03-27 00:00:00 UTC,20.8739438123419,22895536369.104588,424587521.0171155
2022-03-28 00:00:00 UTC,22.38661684964733,24508515096.40211,610987177.2090095
2022-03-29 00:00:00 UTC,21.914457883187087,24285077478.31352,1042448625.9844141
2022-03-30 00:00:00 UTC,22.403552309898593,24458395644.506012,982288122.1198189
2022-03-31 00:00:00 UTC,22.512011785197572,24764137740.674706,926646920.3787513
